0,2.0,3.0,0.07562988151176113,1.0000000000000178,8.72777198498918e-17,-5.590957616260733e-17,-1.171922819237409e-17,-1.4370400642889084e-17,-2.140664710068292e-17,5.733852045379692e-14,2.854362395248819e-18,-1.914045946647256e-18,-2.2189621279003397e-19,-1.7543867156642636e-12,-2.5669947000317637e-12,-0.4814985787511846,1.6695069572104666e-09,-1.1410601888320402e-09,-1.816476184998154e-08,0.06523650994892888,0.06523650994884374,0.06523650994820504,0.06523650994897982,1.0,0,0,1.0,0,0,1.0,0,0,1.0,0,0
0.0314489,1.9999999999999996,2.9999999999999996,0.49999998946367713,1.0000000000000189,4.129614388860448e-13,-2.8224000604783024e-13,-4.4914185686777215e-12,-5.518788078491629e-14,-8.075053408178481e-14,-0.015142594615795469,5.250413926729219e-11,-3.5885075379030764e-11,-5.712615514006746e-10,-0.00660988046556032,-0.18550321530338254,0.960598208789764,104.57688201363345,-3.273879229921298,-38.15677969888801,0.0888196480254925,0.06260800575313337,0.06115930039989979,0.08881960153718836,0.9994191513535039,0.0005808486464960745,8.012269912422754e-06,0.9996209938066192,0.0003790061933807024,8.01176032604535e-06,0.9997680429405859,0.00023195705941414965,7.99999427536785e-06,0.9999275990956402,7.240090435975056e-05,7.99999837045328e-06
0.0628978,1.9999985494983152,2.9999541180979046,0.49999999053946337,0.9996208612046992,0.02585580356970545,-0.0007523871951989864,-0.009433750600444341,-0.0002078733869482911,-0.005833869741839513,0.015067150347822338,3.2888265935379044,-0.1029598594990977,-1.1999882712017316,-0.243723116348344,-1.4523745610790117,1.132314256330073,177.68281548134865,-96.36544677452974,0.0014605923463524258,0.11240275344731637,0.0664680729588659,0.042309694419726894,0.08824431945538319,0.9988382902500219,0.0005808611034820505,8.012265077181746e-06,0.9992419808920339,0.00037901291458535333,8.011759891115992e-06,0.9995210605615826,0.0002469823790031896,7.999994337360577e-06,0.9998343567369538,9.324235868643583e-05,7.999998463492713e-06
0.0943467,1.9999240698393104,2.9992225479818257,0.5010605217130105,0.9918803773643468,0.12085098610004454,-0.0267236957588597,-0.029193897507769292,-0.007872694244669715,-0.05150943386465993,0.050677173965809924,8.876753461392275,-3.1335459502553507,-1.1999423371974045,-2.1846495647260706,-6.79212126676734,7.3239491967289645,-2.15103589644165,-4.077612778311989,14.358017438499338,0.13047242071263132,0.13047271587788462,0.13047297364998783,0.1299275625339188,0.9982572217999924,0.0005810684500294112,8.0122711552927e-06,0.9988628421577485,0.00037913873428537307,8.011767188452149e-06,0.9992619613321486,0.00025909922943404413,7.999994385711652e-06,0.9997252503282755,0.00010910640867819537,7.999998539684697e-06
0.125796,1.9987713673951784,2.9946222620088974,0.506448575062542,0.9624169215845124,0.25578892414199983,-0.07852719197140812,-0.04644543968122297,-0.07657749254780445,-0.26511409120575374,0.2810072280249667,8.809105775560173,-3.261782335630658,-0.7483986626087162,-3.897659644449929,-9.880360564068356,3.446872168544154,-79.28458509637782,6.919944773258785,5.067105262933044,0.10800333719564,0.1281351415796627,0.13047298601620916,0.11014880410408852,0.9976748021442989,0.0005824196556934347,8.012326495293242e-06,0.998482933728299,0.00037990842944945086,8.011814613709524e-06,0.9989912543639505,0.00027070696819804713,7.999994416023759e-06,0.999602048846928,0.00012320148134756015,7.999998608516729e-06
0.157244,1.9945821998062347,2.9816416118927784,0.5172119070066389,0.9196771110219242,0.3663041819190871,-0.1282351758001288,-0.05973756657462086,-0.19915455206800153,-0.5758404386607883,0.38940752294650427,6.315693781459701,-3.0441577712190244,-0.5890438394409011,-5.382927203912115,-11.920475975021125,0.7114852618016774,-65.69238568945681,33.602393162496504,-2.2617558515446983,0.10474543176728458,0.1215652830195346,0.1304729877848076,0.11373900627026956,0.9970884966186536,0.0005863055256452946,8.012490151527836e-06,0.9981009213113282,0.00038201241697077224,8.011945483627593e-06,0.9987085901492649,0.00028266421468565225,7.999994409333496e-06,0.9994654609944612,0.00013658785246672872,7.999998670135926e-06
0.188693,1.9857607903710868,2.9577639689164066,0.5300045816795471,0.879704627668301,0.4399482424354852,-0.1653355566246014,-0.07229667611526051,-0.3684416239154315,-0.9507261460826475,0.4117829428751767,4.2497413368570855,-1.9873998902261372,-0.6601735446807425,-6.527012155439386,-13.400980258737285,-1.1031024466264625,-47.82807261424338,26.366548175940448,-2.318369013964553,0.11124446557684961,0.12350749725879244,0.13047298753408937,0.1182979749630563,0.996494889263023,0.0005936073556306225,8.012802047910409e-06,0.9977151214127817,0.00038579989854639396,8.01218318910738e-06,0.9984131246551623,0.0002954654941026533,7.999994351766684e-06,0.9993156426159292,0.00014981837853194594,7.999998724429674e-06
0.220142,1.9710067097125865,2.9213038961334146,0.5425552385596228,0.8489924332642906,0.4875164276889403,-0.18589947779950283,-0.08353597916269612,-0.5737088946494453,-1.3721720661088563,0.3770915981730947,2.745601663727724,-1.1582012839018248,-0.7330836708943461,-7.216747019245613,-14.2915727537642,-2.403882591185232,-33.75931519762166,20.274059116580325,-1.789088765406122,0.11646309196087967,0.12513388941305584,0.13047298630555149,0.12187011333024704,0.9958897957363234,0.0006050935266995848,8.013301262017327e-06,0.9973235610951484,0.0003915603176333063,8.012549385716035e-06,0.9981036119586579,0.00030951269650435583,7.99999423014847e-06,0.9991523556316897,0.00016328698423962953,7.999998770857154e-06
0.251591,1.9494260946936919,2.8711186271163895,0.5533231611095176,0.8279159039845477,0.517836713638536,-0.19402241079110208,-0.09355739666737216,-0.8006675594933372,-1.8216261292849172,0.301492165093077,1.6839087593120101,-0.520604680363656,-0.7893485221356227,-7.552925242974085,-14.827286516104323,-3.2359056708632763,-24.569005376456,15.957593052095268,-1.2149260689060977,0.11996098040217232,0.12629190943520596,0.13047298443001915,0.12418818123448654,0.9952682592757639,0.0006215364605594466,8.01403304501332e-06,0.9969239908540056,0.00039957024114273287,8.013067719829767e-06,0.9977784189502491,0.00032519300840877784,7.999994031238568e-06,0.9989750163742334,0.0001773392574562879,7.999998808732947e-06
0.28304,1.9205196827590576,2.8065191688409583,0.5612616270816396,0.815092251143492,0.5366506099553893,-0.19279588100857967,-0.10226329968061834,-1.0381986554621574,-2.2879277942842053,0.19972653181517971,0.9112408741952962,-0.018756132317379035,-0.8275565953502758,-7.609041152559489,-15.15684039443767,-3.6727275753307516,-19.532636611180845,13.225199879752065,-0.8013553424126961,0.1219765321256936,0.127036528070466,0.1304729819911266,0.12544341027318628,0.9946244751527192,0.000643784123044642,8.01505472695864e-06,0.9965138801323212,0.0004101107216843772,8.01376588307154e-06,0.9974355078019291,0.00034291114831993245,7.999993741007692e-06,0.9987826983111388,0.000192318063094598,7.99999883732233e-06
0.314489,1.8840977682791273,2.727085426131748,0.5657508682481234,0.8091054245038972,0.5471766971974547,-0.1842237333873712,-0.10956724252984401,-1.2774945343563093,-2.7645935621155866,0.08422333562311671,0.2969611835906045,0.3971616903522442,-0.8527583293302092,-7.4302205075528995,-15.3636950275851,-3.773642774125561,-17.364242561776155,11.818224934293136,-0.5085366871988516,0.1229103107955068,0.12743722531989637,0.1304729789046799,0.1259653714650565,0.9939515989525294,0.0006728762001898585,8.016445171912931e-06,0.9960903764880115,0.00042350364430958565,8.014679259574455e-06,0.9970723902486224,0.0003631175533068429,7.999993343551834e-06,0.9985741062081495,0.0002085921029893169,7.99999885572184e-06
0.345938,1.8402226616143957,2.63255514342458,0.5665300645195371,0.8089967680396689,0.5509110091725925,-0.16941574960943864,-0.1153988056058102,-1.5111667029099176,-3.24776467802564,-0.03445353129896451,-0.24912492658291774,0.7688317163014627,-0.8687512423757953,-7.0338267715078775,-15.484813912542373,-3.574947474298741,-17.178767934714188,11.34806359912607,-0.27411699295896985,0.12309257520805668,0.12759661044578047,0.13047297494345944,0.125979346821195,0.9932414345842498,0.0007101643682794087,8.018317369969243e-06,0.9956502348480263,0.0004401416399851605,8.015854859822126e-06,0.9966860544765046,0.00038633577211778043,7.999992821036103e-06,0.9983475278558637,0.00022657835228589307,7.99999886274723e-06
0.377387,1.7891784349884574,2.522766351022992,0.5636502684541856,0.8142401712331628,0.5482246926114638,-0.14881964190656938,-0.11963542739109312,-1.7323727294683386,-3.734744848118136,-0.1468816520977313,-0.7893780660830682,1.125715691332425,-0.8773719168385525,-6.414971909691474,-15.525484042340928,-3.092924754837027,-18.388126965460756,11.357390460473452,-0.056732547502702735,0.12279454042725778,0.12763463713200107,0.13047296968739236,0.12563502688841718,0.9924839766058478,0.0007574579784021333,8.020837273947739e-06,0.9951897179739683,0.00046051687405802133,8.017356245180465e-06,0.9962728622057802,0.0004131922707244248,7.999992155552045e-06,0.9981007648406931,0.00024676301517060484,7.999998856831186e-06
0.408836,1.7314652599578149,2.397637096111395,0.5574492402611293,0.824569399542732,0.5386858784288571,-0.1224553983233531,-0.12208519698992878,-1.934116459122706,-4.223004048545697,-0.24415069463842604,-1.3676642016413008,1.4828929857762672,-0.8791560923403497,-5.5525142281715745,-15.46369350092627,-2.3324746846432403,-20.463798540068627,11.42069903065659,0.17841027666182813,0.12226368846746485,0.12766197398775367,0.13047296235868416,0.12506790332053325,0.9916667548717526,0.0008172217340950813,8.024253974704499e-06,0.9947044647856835,0.0004852531882847052,8.019270284338058e-06,0.9958284087441682,0.00044445346161195144,7.999991334750645e-06,0.9978310410549287,0.0002697237857643496,7.999998835928255e-06
0.440284,1.6678127786607497,2.2571736162405296,0.5485420609555524,0.8397431532593893,0.5212458773208153,-0.0901437702359755,-0.12249718056440066,-2.108736854210944,-4.709320005190144,-0.3175044285017678,-2.0112278989556978,1.8420612643191254,-0.8735452876276981,-4.415210213157887,-15.248097904784021,-1.2996622962633175,-22.844723502529344,11.160642992998454,0.4612590682872348,0.12174291084703175,0.12777524029615359,0.13047295142566906,0.12442310983208614,0.9907738926639008,0.0008928622078517188,8.028950211095219e-06,0.9941893193798149,0.0005151454058685768,8.021716858355793e-06,0.9953473338982127,0.00048107484595554895,7.999990364660012e-06,0.9975348864837745,0.0002961545711542407,7.999998797449637e-06
0.471733,1.5992066521747532,2.1015062926476467,0.537817053184257,0.8592705281661881,0.49440633754512303,-0.051735631453398746,-0.1205704601154205,-2.2475903033218954,-5.188855720194393,-0.3583773617944611,-2.72966903746798,2.1930510698000787,-0.859039203098695,-2.9702673753414714,-14.794861298970115,-0.017606080282744567,-24.89162529704493,10.261166662623797,0.8056642227859672,0.1214783164376146,0.1280533501573362,0.13047293355613507,0.12386731201879259,0.989784734623774,0.0009891580401267938,8.035529888746507e-06,0.9936381106486125,0.0005512087312023662,8.024863069904444e-06,0.9948230651150548,0.0005242687831579316,7.99998929410819e-06,0.9972079943691917,0.00032689211458276495,7.999998738291771e-06
0.503182,1.526921238705844,1.9309563988398109,0.5264229224129326,0.8821300657969234,0.45644481750727883,-0.00735303509430895,-0.11596495894348949,-2.341001907738554,-5.654137648189124,-0.35893105343190523,-3.5124829601600225,2.5157533453931054,-0.833701959624819,-1.1969827157467556,-13.989481059656397,1.4556712736245836,-25.8591242700227,8.470789632591087,1.1848247219529657,0.12172500834330148,0.12855702612306297,0.13047290031345005,0.12359589952279752,0.9886718130671857,0.0011129215565883542,8.044974876714519e-06,0.9930433702453375,0.000594740403275081,8.028944211746284e-06,0.9942474631984444,0.0005756019166102915,7.999988251435452e-06,0.9968450525901813,0.00036294177901032693,7.999998655100129e-06
0.534631,1.4525476056672704,1.7461348661614755,0.515730235133665,0.9065421813348786,0.40576755494841066,0.042361397335884295,-0.10833612029485519,-2.378645682459023,-6.094091263674239,-0.31315181136724735,-4.325723649172027,2.7821502552555937,-0.7964405402829241,0.8932475479741183,-12.700742464623728,3.0116947188188936,-24.910152765805364,5.552848979634546,1.4899977227823158,0.12275622847472652,0.12934341119751216,0.13047282425429746,0.12382907233393343,0.9873977741366256,0.0012740389305601002,8.058936054649965e-06,0.992395975482641,0.0006473947626963014,8.034294791642072e-06,0.9936103150954061,0.00063714810303829,7.999987476570825e-06,0.9964395562896604,0.000405496300520904,7.999998545048726e-06
0.56608,1.378000207656781,1.5480658905666738,0.5072501335009345,0.9298980913530095,0.3414324462222588,0.09600282514754208,-0.0974375990918579,-2.350554040847831,-6.493515484117322,-0.21843736308775258,-5.1091202401440565,2.9567811779049182,-0.7495817695817636,3.234451466313894,-10.813438242152541,4.484229720379035,-20.48971329765373,1.9857016821281221,1.4582730905097565,0.12484438282856093,0.1302895563920827,0.13047255605187807,0.12497201774697522,0.9859106285444769,0.0014871455921486533,8.080294947244358e-06,0.9916847039694987,0.0007112715131423282,8.041394413095365e-06,0.9928985368014256,0.0007117782939806141,7.999987298753014e-06,0.9959836202061052,0.00045593608355521146,7.9999984076341e-06
0.597529,1.3054802938252825,1.3383131578741394,0.5024983257034136,0.9489223507807003,0.2639922460699637,0.15136633920550563,-0.08330585447670655,-2.248834140685153,-6.833586086462943,-0.077413327261579,-5.753498927753331,3.0192292866375947,-0.7037207032706894,3.597820727582639,-5.218738562215739,-0.054857481774343395,-15.096003037018829,1.947796299046726,1.3106086800206636,0.07944315133766679,0.08349412555973236,0.08365132396841883,0.07955059122643411,0.9841362248122023,0.0017744037322745966,8.114295247510617e-06,0.9908956884735446,0.0007890154959540463,8.050935452066275e-06,0.9920946911080273,0.0008038456933982424,7.999988011455616e-06,0.9954678288055998,0.0005157914005054009,7.999998248238222e-06
0.628978,1.2364112141714148,1.1206687331147955,0.5000000554696603,0.9602527807285958,0.1756612290866597,0.2066069582283277,-0.06609407504164866,-2.1356866815179902,-6.997709608195263,-0.07913853403230277,-6.2282514283778125,3.0804853132435723,-0.6625035183871046,7.453434176056412,-4.782191176510371,5.043085959598189,14.180656328599145,-24.52303118470732,1.4105275273169262,0.12630407192472254,0.12278131562494497,0.1161452184753276,0.11961442273998171,0.9819689942343508,0.0021672305778515253,8.170456377823228e-06,0.9900129480570877,0.0008827404164567666,8.063751254209834e-06,0.9911734525794924,0.000921238528534809,7.999989688094707e-06,0.9948813000533936,0.0005865287522061921,7.999998086145864e-06
0.660427,1.1727792821702199,0.8979818752906358,0.5000000895104951,0.9622289537900691,0.08494210302411674,0.2540867665594009,-0.04834530430128997,-1.9012844689160544,-7.148104200323074,0.07946090876803914,-5.782285563374361,2.3092632653092804,-0.6181439969196513,9.261308782159325,-1.840284173230354,5.327306542484243,19.709672072591914,-21.87192894398134,1.908860693584174,0.13047265818487924,0.12546513605940318,0.11957771232175102,0.124512762713829,0.9792519362569749,0.0027170579773758115,8.267732544611097e-06,0.9890173948750031,0.0009955531820846086,8.081080681477588e-06,0.9900932548707275,0.0010801977087649692,7.999992296036944e-06,0.9942117655783269,0.0006695344750666986,7.99999795846467e-06
0.691876,1.1174632022985738,0.6720258665490723,0.5051657371988212,0.957183568611752,0.0010689859838798892,0.2876476608723864,-0.03247026985172543,-1.6100266112829054,-7.2059790901835425,0.24699877269370887,-5.162438304467119,1.6214154333915995,-0.5581124517880974,10.234544913310694,0.9798857072863351,4.8082184821123235,23.47562081456547,-16.859578309041492,1.9024091078738665,0.13047287055411694,0.12445584584673167,0.11992109608701382,0.12586589400166137,0.9757382671538846,0.003513669103090422,8.446834644325154e-06,0.987884778117077,0.0011326167579260675,8.104931445713024e-06,0.9887783420402566,0.0013149128304709237,7.999996203075175e-06,0.9934461751496363,0.0007655904286906385,7.999997928010989e-06
0.723324,1.0718332886118644,0.44567386613422094,0.5153655056467568,0.9478988931140981,-0.07268377894316928,0.3096077128398328,-0.018568972939618678,-1.2881615600880456,-7.175162774850299,0.39821189462631207,-4.424156147389066,1.0912004525079984,-0.49828380184949306,10.728453414345363,3.3828999759573963,4.098321014384474,26.185855566142337,-13.694683397219759,1.5813100331282743,0.13047292623093493,0.12373668348914185,0.12006801671902781,0.12674422350349465,0.9710246671269637,0.004713600026920929,8.798611712101872e-06,0.9865853605291045,0.0012994175879724632,8.138089412835462e-06,0.987121412771167,0.0016569292690894759,8.000003855070083e-06,0.9925724238633132,0.0008737512863231155,7.99999808463699e-06
0.754773,1.0366026818732366,0.22151768670381933,0.5299774150486191,0.9369154569410694,-0.13433131965592854,0.32263321162636266,-0.00702111433541172,-0.950763636028038,-7.068774334214066,0.5270995309873822,-3.6006401226153573,0.6605178955326657,-0.4485533605764443,10.915763533976083,5.312644749212107,3.396830705250696,26.466234058979474,-11.047319486523296,1.1419465720076238,0.1304729505544557,0.12365425655761801,0.120706821129582,0.12748216002575627,0.9644094941017451,0.006615173025218519,9.530680534124813e-06,0.9850825420901616,0.0015028184389428369,8.184645622253679e-06,0.985216800178031,0.0019046125931359737,8.000023985324336e-06,0.9915823509833577,0.0009900728799555087,7.999998531694896e-06
0.786222,1.0120970217990657,0.0017017354699095457,0.5482916683168232,0.9264533690475871,-0.1831740820215576,0.3288238638349645,0.0017962022451036557,-0.6074750170954282,-6.90169756737499,0.6339260775614122,-2.7683065061738845,0.31309198825355333,-0.4126404113467231,10.937064138190372,6.806883052343224,2.841361412073553,21.878050075688567,-9.557741386443874,0.7023540738646092,0.13047296380194084,0.12483117323752493,0.1222950229309171,0.12791014794694358,0.9545680039409378,0.009841490160807341,1.1017238722081675e-05,0.983330839798585,0.0017517022915764832,8.250680979046208e-06,0.9833309010108466,0.00188589916718446,8.000106080972797e-06,0.9904736099066308,0.001108741076726855,7.999999386116805e-06
0.817671,0.9984113050218824,-0.2120860697525825,0.5696795338201607,0.9179485162623799,-0.22041986375678804,0.3297241277923092,0.008034216635810882,-0.2635165178580285,-6.6876286683005945,0.7232837328461861,-2.0802661714740083,0.012511655008441981,-0.3905521571198702,10.985793924618742,8.109815731007352,2.6140341303106163,0.02099536028142503,-9.517234467038723,-0.4332696667530651,0.13047297138648026,0.13047083762404005,0.1279369553543336,0.12795553861666778,0.9387094996083634,0.015858504332574384,1.3232988565138513e-05,0.9812730311701113,0.002057808628473719,8.155464618386095e-06,0.9816332454831922,0.0016976555276543583,8.129881752420385e-06,0.9892521359396935,0.0012214739669372699,8.000000757127715e-06
0.84912,0.9955791943405,-0.4184833433231382,0.5937570352661471,0.9109906703006249,-0.2523507691260315,0.3259259003986226,0.013577203314084189,0.08197447894876311,-6.432583986045428,0.8054921980299468,-2.0796058907513113,-0.2867947806868986,-0.4041780061099201,10.617525329200918,9.180141953857772,2.162637490853635,-0.040105632392403265,-10.178072153255373,-0.31511820140941665,0.13047297302735608,0.13047275442209857,0.12776870405501456,0.12778088642607024,0.9100086925226859,0.028700807085677484,1.500865836340224e-05,0.9788357907081033,0.002437240462007997,8.217944619995353e-06,0.9801716198611273,0.0014616256220648443,8.096306887955098e-06,0.9879375328891493,0.0013146030505442425,8.000002673665573e-06
0.880569,1.0034448685400161,-0.6163293250544295,0.62019300756832,0.9045852439795758,-0.28399263848957595,0.31727577682935265,0.020167921426719217,0.41588383814278146,-6.143878734861113,0.8735047410990806,-2.0808671682709785,-0.6068838264061577,-0.4140881229630069,10.09274872819988,10.255757645805252,1.777439370292499,-0.07320394837650147,-8.726909178311715,-0.49836394037946274,0.13047297086630402,0.1304729065259626,0.1281366362186069,0.12815562142558984,0.8480936010841187,0.06191509143856721,1.5783075311395718e-05,0.9759240765088223,0.0029117141992809673,8.310796742592203e-06,0.9788987280316268,0.0012728918295004856,8.073049598052933e-06,0.9865658199962226,0.0013717128929268052,8.00000499864676e-06
0.912018,1.0215665579627875,-0.8045625686857809,0.6485746386236576,0.8985679267067048,-0.3152867810894114,0.3039561042640643,0.027884771589102166,0.7332895570696699,-5.8213465668292885,0.9294032318244383,-2.0831693510051834,-0.8813354110386166,-0.42976111443869913,9.42473760523067,11.333095426135259,1.433295808592412,-0.10625940292976215,-5.216224352606976,-0.5687125266488956,0.13047296444483483,0.13047294788245634,0.12903620857693252,0.12905781685773654,0.6836298678816396,0.16446373320247906,1.5977347602334743e-05,0.9724134114085862,0.003510665100236158,8.451035229529278e-06,0.9777773455133619,0.0011213825182648015,8.056698023148834e-06,0.985182430591665,0.0013833894045575856,8.000007421864258e-06
0.943467,1.049351826280847,-0.9821174406172621,0.6785440768149192,0.8924226005272624,-0.3461953796035735,0.2870561491248143,0.03641944778130995,1.0296870693674989,-5.464933324186213,0.9744787904074084,-2.086511091009611,-1.0453798636758973,-0.4476464906870302,8.547161373320177,12.282717034492748,0.9934145694687451,-0.1586579213026838,-9.645260413085467,-0.43737881630172964,0.1304729511273328,0.13047296183395155,0.1278949260757027,0.12791152087679475,0.41087107366617953,0.27275879421546007,1.599808351647274e-05,0.9681391480072165,0.004274263401369648,8.666044383252702e-06,0.9767782358196404,0.0009991096937215194,8.045009251513567e-06,0.983828623279544,0.0013538073121210602,8.00000960762121e-06
0.974916,1.0860366365501395,-1.1479902191345779,0.7097136753348546,0.8860518714923797,-0.37660670825444875,0.2663870836943402,0.04598193803718939,1.298485785509389,-5.078655538451221,1.0057205734049042,-2.0915007061214803,-1.34871257294057,-0.46140156785879716,7.475297047464119,13.16206612370967,0.5550763990162063,-0.2596670616057642,-15.607776471591558,0.026154137617521105,0.13047293045237637,0.13047296619887883,0.1263666674814627,0.12636563876795165,0.28414272250877065,0.12672835115740883,1.5954922088808435e-05,0.9628812521685978,0.005257895838618685,8.999063835746181e-06,0.9758783557165668,0.0008998801030736752,8.036513591353264e-06,0.9825325108034099,0.0012961124761341355,8.000011356465406e-06
1.00636,1.1306637508660713,-1.3012760388738513,0.7416462735744579,0.879867594749412,-0.40623503604857863,0.2397195417022158,0.05777197157687143,1.5335755610938036,-4.664723202170375,1.0231771086099088,-2.099666946319289,-1.8395597787145392,-0.46057904932822014,6.296741376201958,14.23794355914793,0.3282071614224344,-0.30034502824145076,-2.8933131444933013,-0.0667094326736674,0.13047291232146596,0.13047296626143332,0.12963886284599593,0.12964134159384216,0.22763046164334816,0.056512260865422485,1.5736796961296073e-05,0.9563427375395859,0.006538514629011896,9.513339535009561e-06,0.9750594125670704,0.0008189431494963894,8.030241237897626e-06,0.9813083502449652,0.0012241605584446314,8.000012631328447e-06
1.03781,1.18211826709692,-1.441006937357339,0.7740175501642358,0.8730601119509594,-0.4349555462652787,0.20854886429513836,0.07130240514841236,1.7316010720059867,-4.216955717500434,1.0334988586934286,-2.1091124633119724,-1.930551258185594,-0.4626769867689719,4.926613799497591,15.102057268471658,-0.06370881124122259,-0.29284562077877874,0.32117531133711913,-0.3125019287264519,0.1304728945653578,0.13047296241036332,0.1304605165287002,0.13047231312018223,0.19636744679991955,0.031263014843428576,1.515262302616875e-05,0.9481196485546033,0.008223088984982594,1.0280839592862605e-05,0.9743066822273305,0.0007527303397399305,8.025549109852286e-06,0.9801598130595692,0.001148537185395961,8.000013504473708e-06
1.06926,1.2391279369165162,-1.5662203961539516,0.806527390521897,0.8645396863406198,-0.46288610974882066,0.17634007150778333,0.08490410624341715,1.886537594950967,-3.742012818032328,1.0314952874584193,-2.1183221322833368,-1.920450651964051,-0.47250482475688443,3.5031937048466992,15.811713062361923,-0.5883079314189567,-0.29354813042113304,0.32774753604804047,-0.38023318257780114,0.13047287216054215,0.1304729538775847,0.13045843791472483,0.1304727921164097,0.17622145390336325,0.020145992896556292,1.4114668079047794e-05,0.9376587222810878,0.010460926273515471,1.1324701127908014e-05,0.9736081424570004,0.00069853977033002,8.022003038807035e-06,0.9790838719782031,0.0010759410813661377,8.000014090026962e-06
1.10071,1.3003077975971808,-1.6761371711964839,0.8387232955025867,0.854143456219447,-0.49002443365414916,0.14381203704845974,0.09813285072499214,1.9967091395293228,-3.2447520333660096,1.0129936575307188,-2.127553894401384,-1.9101433565872048,-0.4844627353247711,2.0676011356035002,16.405320990671772,-1.2139992227205314,-0.2867518038869631,0.3258968438096838,-0.587545941740011,0.13047284370003068,0.13047293717621172,0.13045068595713102,0.13047289922810545,0.16183473015309086,0.014386723750272373,1.2794562431108124e-05,0.9241963562769343,0.013462366004153518,1.252711948957849e-05,0.9729538681798783,0.0006542742771221445,8.019302891284991e-06,0.978073903077054,0.0010099689011491275,8.000014500818118e-06
1.13216,1.3642429900872344,-1.7701123407759547,0.8700360684979437,0.8419015068930714,-0.5163158755825273,0.11099109345364612,0.11089496864957818,2.0617328949574767,-2.7288229397662245,0.9748147325974493,-2.1365719196111086,-1.899894263422288,-0.5029404015248119,0.6324647675282561,16.878220162174806,-1.9359582671705902,-0.2810559375401686,0.3257527757073352,-0.8438218748188526,0.13047280474209166,0.13047290259219196,0.13044100120069183,0.1304729398601974,0.15078148597424562,0.011053244178845224,1.1545410012414954e-05,0.9066704576662921,0.017525898610642243,1.3654748458385887e-05,0.9723355485344651,0.0006183196454131847,8.01723971020559e-06,0.9771216875419734,0.0009522155350806021,8.000014831789096e-06
1.16361,1.4295128457252548,-1.8476181524373918,0.8997988587146052,0.8278545581765367,-0.541705805564968,0.0778755434410372,0.12306095165529145,2.0816232082546193,-2.1980216933413663,0.9139309989237059,-2.145410816161099,-1.8896497010389086,-0.5294776607032521,-0.7893807870030433,17.226893917575094,-2.748858440744226,-0.28236012073960437,0.333744766433447,-1.0689187683486143,0.13047274319189087,0.13047281620454204,0.13043244983762356,0.13047295935478445,0.14180726601989163,0.00897421995435397,1.0599814375114058e-05,0.8835930046798272,0.02307745298646495,1.4535028598310557e-05,0.9717461051601372,0.0005894433743280113,8.015667084446444e-06,0.9762185511405455,0.0009031364014279619,8.000015158229298e-06
1.19506,1.4947034728979158,-1.9082480777777457,0.927252201882311,0.8120475762526977,-0.5661347584346287,0.044458319352430956,0.13450120499713408,2.0567980607201615,-1.6562550452222657,0.8274824591740906,-2.1542907278217576,-1.8791537994385932,-0.5630939667541657,-2.1848669262052605,17.449018832543484,-3.647036000206775,-0.29187056302211484,0.3520057234008788,-1.221280200019793,0.13047262257979444,0.1304724773130853,0.13042645752473403,0.13047296986965423,0.13419381629421198,0.007613449725679624,9.965222452003802e-06,0.8528687354458694,0.030724269233957782,1.5137198663712567e-05,0.971179391801832,0.0005667133583050867,8.014482046742576e-06,0.9753559476303071,0.0008626035102383584,8.000015539826453e-06
1.22651,1.5584205692764879,-1.9517197042924443,0.9515494606896145,0.7945246550891027,-0.5895380667985518,0.010745460742721766,0.14511003460823577,1.9880864266403293,-1.1075028156500053,0.7127872344368014,-2.1634697323114644,-1.868083611057676,-0.6015018703231269,-3.5399122195646098,17.540019376765226,-4.624876989444873,-0.11291526034347282,0.39246072332971205,-1.0825800715463767,0.13047225743122698,0.1304179177466377,0.1303775348726436,0.13047297575158417,0.1274941326306077,0.006699683663604273,9.557754871786814e-06,0.8115585020014202,0.0413102334444492,1.5513949894108275e-05,0.9706299534599859,0.0005494383418460756,8.013612530703026e-06,0.9745257094012845,0.0008302382290225549,8.000016026329004e-06
1.25796,1.6193027990790794,-1.9778781161239543,0.9717622349764425,0.7753488497166724,-0.6118117713302845,-0.02319356823603039,0.1548532294018838,1.8767601256248692,-0.5558887202036112,0.5673399984740572,-2.1670207916266535,-1.8557411579367558,-0.6355478091608796,-4.713122646743135,17.125398284172913,-5.713688788957809,16.612658688669363,5.613395403792182,0.5618538795742916,0.12914588941797986,0.12475683168064525,0.12610525234144088,0.13047297875548167,0.12140845853427595,0.006085674096331727,9.300414512673508e-06,0.7556732730838582,0.055885228917561966,1.573477563377546e-05,0.970092828539481,0.0005371249205049126,8.013009129859054e-06,0.9737201099444228,0.0008055994568617068,8.000016663108835e-06
1.2894,1.6760906661167405,-1.986882989144729,0.9868542784264601,0.7572126549470916,-0.6299672205782436,-0.0553726660748236,0.16340473483987647,1.7285376619168162,-0.017313996837174602,0.38765084276205153,-1.644571158096087,-1.6792061176079223,-0.6178781297325335,-5.683621125199185,16.763011903585728,-6.551017121609248,18.45554299485084,16.33651583994942,0.3369609477296733,0.12634707322337665,0.12150899829131873,0.12564769824232902,0.1304729801277001,0.11572171595969094,0.0056867425745849845,9.14236351768492e-06,0.6804070649504643,0.07526620813339385,1.5856899325770682e-05,0.9695634263812406,0.0005294021582403359,8.012637597110246e-06,0.9729319049888454,0.0007882049555774103,8.000017493128185e-06
1.32085,1.7277129044654813,-1.9791241751609654,0.9958604268217982,0.7437415369580338,-0.6415668216052841,-0.08182445003318918,0.16894448590037844,1.5497941007785754,0.5098640780287198,0.18162864254845287,-1.0641648634164875,-1.1654408694499523,-0.6072810828085784,-6.481103419336458,16.773731718386717,-7.051278393469645,16.817021562974475,7.488642596170933,1.2733536324436434,0.12861111341565112,0.12420032553423495,0.1261105373184269,0.130472981103656,0.11026851739038192,0.005453198569309015,9.05357847290425e-06,0.5821396558766996,0.09826740907376473,1.5919711947444024e-05,0.9690374134449764,0.0005260129362642191,8.012476134366547e-06,0.9721543061344021,0.000777598854443311,8.000018561432022e-06
1.3523,1.7732979203946,-1.9547805359418997,0.9981184856893826,0.7356928295674765,-0.6472142388020887,-0.10209816901400649,0.171588728194915,1.3459706087197465,1.037379279143895,-0.04012621810505841,-0.5352882448506611,-0.9299313912061498,-0.5672355277236034,-7.096739916091716,16.752618207654077,-7.296040190989798,14.6493575755918,0.19916492720422502,1.842143069755588,0.1304716793057638,0.12661892065120267,0.12669016090675353,0.1304729808267168,0.10491010108337742,0.0053584163070044665,9.018324175740516e-06,0.46447048968580407,0.11766916619089546,1.5946853261969e-05,0.9685105252289666,0.000526888216009804,8.01251747705825e-06,0.9713808124863781,0.000773493648024018,8.000019922389486e-06
1.38375,1.812159751654401,-1.9138556353360323,0.9932601862417568,0.7324356924761067,-0.6472806743072116,-0.11909727169652391,0.17429417760156837,1.1227860337574809,1.5642304838361294,-0.26957856498357136,-0.07458224707763406,-0.9236678758242947,-0.5093021776355106,-7.596968044173382,16.557523095970126,-7.311766348587318,13.529219441516267,0.06641606519572357,1.198366272538252,0.13047262724836925,0.1269247509225569,0.1269705994084848,0.13047297860540413,0.09951897970269641,0.005391121380681003,9.030272620607666e-06,0.3447758016669709,0.11969468801883318,1.5948908977162806e-05,0.9679783949000305,0.000532130328936168,8.012767530618208e-06,0.9706050459700012,0.0007757665163769823,8.000021647453949e-06
1.4152,1.843752497588731,-1.8564551152154862,0.9811581074100854,0.7333528734510569,-0.6421560484833508,-0.13431367684563053,0.17828612519551953,0.88386984069027,2.0849461643167935,-0.49952548202256514,0.35089665257590164,-0.9215791644643415,-0.47161489159320946,-8.058088254600543,16.30035099012291,-7.093903945810974,13.67136710184334,-0.07505030408009568,0.23132497988997358,0.13047281004026212,0.1269085495650613,0.12691749615974754,0.1304729741594519,0.09396828498518554,0.005550694717510849,9.089857994812055e-06,0.24508652546847134,0.09968927619849956,1.592202550958063e-05,0.9674364317502094,0.0005419631498210576,8.013243406374286e-06,0.9698206690251033,0.0007843769448977998,8.000023826287626e-06
1.44665,1.867601379570921,-1.7828021646001357,0.9619128832111745,0.7382996024854162,-0.6319470694360545,-0.14806342166573722,0.18338689999275812,0.6304519300192705,2.59757406818252,-0.7226208688746285,0.7808459380019301,-0.923939413031282,-0.4643399783336954,-8.486997862885152,15.977953931730891,-6.641572517251209,14.61026951141962,-0.22064003939875979,-0.7088227464208363,0.13047287535724486,0.12668383445992895,0.12665701478363334,0.1304729668187194,0.08812231720228832,0.0058459677828972215,9.203749555137945e-06,0.17368745650940262,0.07139906895906874,1.583934031299044e-05,0.9668796801135069,0.0005567516367025723,8.01397560314307e-06,0.969021283670197,0.0007993853549064426,8.00002657549096e-06
1.4781,1.8832663537969703,-1.6931819780373407,0.9358553670792905,0.7473574310554715,-0.6162711433260859,-0.16059339390079383,0.18940286265608638,0.3635452893463196,3.100062943241068,-0.9314909355347717,1.2403226596437318,-0.9308782967997588,-0.48663166511579214,-8.885708045858738,15.575912995182758,-5.943437515630531,15.822203156109754,-0.3714021998504583,-1.427178960019264,0.1304729050014919,0.12638214336045261,0.12632800949914552,0.1304729553629796,0.08182743757437541,0.006294879627912885,9.385123169521675e-06,0.12594075314491926,0.04774670336448335,1.563343054407615e-05,0.9663026348736239,0.0005770452398829405,8.01501247999918e-06,0.9682003096184532,0.0008209740517437519,8.000030050906118e-06
1.50955,1.8903377495156493,-1.5879503541941922,0.9035534803370272,0.7606241060413526,-0.5944442849433871,-0.17202203014866418,0.196194593686603,0.08409965699941524,3.5899080781313355,-1.1184054330962518,1.7379133460877827,-0.9425584827856818,-0.5315148556163684,-9.246682024359988,15.059431217110907,-4.988676983345307,17.209617109819433,-0.5276023173340084,-1.7991748678847725,0.13047291920676346,0.1260269058431599,0.12595861691853896,0.13047293768760296,0.0749045835480549,0.006922854026320484,9.653171735336635e-06,0.09437770743375945,0.03156304571115979,1.5175419370244616e-05,0.9656990151470319,0.000603619726591879,8.01642639070939e-06,0.9673508727905316,0.000849436827921578,8.000034463648884e-06
1.541,1.88843890512538,-1.4675578910926825,0.8658238526051314,0.7780532320616746,-0.5655951204098588,-0.18230601914334824,0.20370758664134933,-0.20669820537378084,4.0635104357072835,-1.2752937741255401,2.2791366578240875,-0.9591509886877644,-0.5880969035594177,-9.554998530702907,14.379310892612136,-3.7721299434655853,18.61876244538558,-0.6853839563837961,-1.7540396264241407,0.13047292466081198,0.12565729456574365,0.12559068660052497,0.1304729104981706,0.06714755575488608,0.007757027793168799,1.0028644076530238e-05,0.07319297645767057,0.02118473097608885,1.4285922028761304e-05,0.9650614801862057,0.0006375349608261841,8.018323260721763e-06,0.9664657129034863,0.0008851598870453244,8.000040104024588e-06
1.57244,1.8772371012972628,-1.3325913930723825,0.8237402687778838,0.7993452035365574,-0.528716094991394,-0.1912170292298852,0.21198943852825516,-0.5071922788573723,4.5157237657380245,-1.393923064206448,2.8646760226350256,-0.9807055515997606,-0.6432594983732395,-9.786911356430886,13.472410303307775,-2.3014547682635667,19.758013995841075,-0.8334523848259687,-1.2769927825532046,0.13047292353861994,0.12534923888622385,0.1253007029002794,0.13047286981269435,0.05833828806782889,0.008809267687057174,1.0518904323360948e-05,0.058614057413282364,0.014578919044388192,1.2876694106464198e-05,0.9643812663172306,0.0006802138689751236,8.020857447376162e-06,0.9655371236699385,0.0009285892335477705,8.000047379388349e-06
1.60389,1.856462489900647,-1.1838295156246954,0.7786332572457189,0.8238136100377643,-0.4827681248093754,-0.19835414464077394,0.22117559063696418,-0.8149797526980818,4.939416081197276,-1.4663012562105109,3.4860435812461867,-1.006916701854385,-0.6834195006804643,-9.907924888753234,12.264571596414237,-0.6077096477628353,20.19948669322802,-0.9520724149928689,-0.4243338586200953,0.1304729156683273,0.1252152029425051,0.12519899224772427,0.13047281521688278,0.0483022692798401,0.010036018787988769,1.1087688095268548e-05,0.04830234839306487,0.010311709020217488,1.1242332793310652e-05,0.9636477157131489,0.0007335506040817833,8.02425494591243e-06,0.9645569432145245,0.000980180455414021,8.00005687986509e-06
1.63534,1.8259367946343936,-1.0223112335413327,0.7320720259609141,0.8502482117921858,-0.4268735177150403,-0.2032029781146905,0.23143564019656665,-1.1265729674980738,5.325123213092204,-1.4854130485320634,4.121294965034643,-1.0368583200883672,-0.696764328446166,-9.870718627474721,10.67794699491443,1.24073343875348,19.583087209067802,-1.0165564357795138,0.6668943237986923,0.1304728984853106,0.12535164984830288,0.12537683184948628,0.13047276120164228,0.03781395000204956,0.010488319277790538,8.000449803846479e-06,0.040809106313894526,0.0074932420791703,1.1355026887167694e-05,0.9628476587791555,0.0008000569339933868,8.028849863711374e-06,0.9635166170962587,0.001040326118265771,8.000069508105012e-06
1.66679,1.7856139344184134,-0.8494122771741666,0.6858162820997102,0.8768508293686158,-0.3605726204395199,-0.20523785796833977,0.24288751591513227,-1.4369960867742675,5.660932766451462,-1.4463933622474114,4.73716127081463,-1.0688278890351115,-0.6757912439085368,-9.623296445648478,8.653981076032489,3.1336007256710934,17.229456340540317,-1.0052054323788273,1.7844014773001224,0.13047286511603548,0.12593834938274817,0.12600597129361196,0.13047274050735358,0.028110880673475867,0.009703069328573696,8.000115184201737e-06,0.03522209323803668,0.005587013075857815,1.0105687342544816e-05,0.9619646012563597,0.0008830575227957036,8.035142154078314e-06,0.9624073543195522,0.0011092627767064773,8.000086784114415e-06
1.69824,1.7356298486324224,-0.6669146397449306,0.641728339594506,0.9012879956214849,-0.2841835333259275,-0.20407861920255527,0.2554769748549814,-1.7396380536988139,5.933090843402586,-1.3478451056775829,5.2790085042851915,-1.1004404815533364,-0.6196738026634039,-9.24485947982402,6.281298401264454,5.0776019362861415,0.18930015889164992,-0.808018987030701,3.3013142600642107,0.13047279737057194,0.13030431392190736,0.1304296185440436,0.13047276441966332,0.02208434305504513,0.0060265376184307365,7.999998512604359e-06,0.03095390822806325,0.004268185009973385,9.28610702381763e-06,0.9609776523585821,0.0009869488977777088,8.04388969729112e-06,0.9612203635000278,0.0011869908195243104,8.000111743294486e-06
1.72969,1.6762936896849168,-0.47699893765680346,0.6017240274655473,0.9202853192829423,-0.202093526077963,-0.2004640212082276,0.26841052619495,-2.0303785990740053,6.130630689933894,-1.1881601738107697,5.284961783678554,-1.1258517797429426,-0.5158511420247334,-8.480491629721454,3.512710877927211,6.390814809818087,0.016701819518668753,-0.6708812440600241,2.766981364224389,0.13047263614110097,0.13036734569744998,0.13047246712561572,0.13047270645868825,0.018524352366012603,0.0035599906890325292,7.999979876089234e-06,0.027617561797801272,0.003336346430261941,8.798614399443395e-06,0.9598600564967414,0.0011175958618405975,8.05626062958001e-06,0.9599469384282073,0.0012734250718204757,8.000152578581805e-06
1.76114,1.6081753420295863,-0.2822257401683153,0.5674297663141108,0.9321202435508168,-0.11868863112132834,-0.19540492695827572,0.2808534604757105,-2.297080625952395,6.241101539017407,-0.9871761580717083,5.285487037320993,-1.146950248487187,-0.4288326564941233,-7.519309870863027,0.6154107229744767,7.215111535841724,-0.010571480056929724,-0.5817845374695794,2.0531597663919827,0.13047208280406797,0.13039443940276368,0.13047279639737835,0.13047248961209026,0.016084966286696426,0.0024393860793161764,7.999978669688407e-06,0.02495250293865956,0.002665058859141675,8.512585031914366e-06,0.9585772247720517,0.0012828317246897693,8.074062866175521e-06,0.9585776905298617,0.0013692478983455257,8.000248613553844e-06
1.79259,1.5321294867886799,-0.085404255742343,0.5399050840101819,0.9367812193646032,-0.034565225339265274,-0.18906439013707643,0.2923999570375486,-2.5335545558667296,6.26045552158662,-0.7602689273613299,5.285154576034385,-1.1652467249327088,-0.36426306606108744,-6.382719235602652,-2.3207083893274034,7.5298137410791615,-0.04474225882871062,-0.5089087028687677,1.382991246014728,0.1304652950071068,0.13041428375125957,0.13047288003949667,0.13047138470162706,0.014246686039138775,0.0018382802475576509,7.999981508300576e-06,0.02277981221105116,0.002172690727608363,8.341461841644364e-06,0.9570840404158076,0.0014931843562439352,8.085307731715913e-06,0.9570953502338536,0.0014823402960080824,8.015111320505628e-06
1.82404,1.4491954791253423,0.11057345332789327,0.519714470672707,0.9343325334141992,0.049714434010165696,-0.18156995179863372,0.302622580142013,-2.7342839748033563,6.187471824620501,-0.5234646624146615,5.283747481771723,-1.1812513374572318,-0.32076953000540565,-5.024532244261186,-5.09034960645822,7.065470651607571,-10.58866560232204,5.0851043355110725,1.3114070023894893,0.1263274597973503,0.1289996459366948,0.13047291048342635,0.12775093551505753,0.012782135423834861,0.0014645506153039157,7.99998501222703e-06,0.020974295155662914,0.0018055170553882087,8.236028766398899e-06,0.9553209879820521,0.0017630524337555313,8.118036821701163e-06,0.9555232751713924,0.001572075062461388,8.01770080502377e-06
1.85548,1.3606131387926077,0.302866589987865,0.5067806119736314,0.9254420208507802,0.13073110126301635,-0.17256712920967435,0.31094035062844816,-2.8922999238980784,6.027385992709054,-0.3012634710321509,4.950745728880478,-1.021330463481505,-0.279527238771486,-3.675201684366881,-7.51300636554228,6.305679504948083,-19.09630528740897,6.178164995223913,1.7183606128778761,0.12387870161229969,0.12874294398690955,0.13047292875083624,0.12554344716173868,0.011572840935422359,0.0012092944884125034,7.999988103381745e-06,0.01944679216869066,0.001527502986972215,8.169010293289361e-06,0.953208849801429,0.0021121381806231514,8.169297480202307e-06,0.9538648195649435,0.001658455606448784,8.01974781179132e-06
1.88693,1.2677299250933332,0.48889179620745,0.5004865673597287,0.9120349085462758,0.2031761726736006,-0.16229886414949063,0.31712411091688825,-3.0078809280667853,5.791110301024163,-0.10295686591491761,4.3501881729728655,-0.8270340478302517,-0.22548670923940575,-2.4255175749063316,-9.504885041609695,5.411598489169792,-21.28172771573215,6.925425784772771,1.6967695970523748,0.12314918337297938,0.12858483708323692,0.13047294340391075,0.12497287020286144,0.010548729703161227,0.0010241112322611312,7.999990545507606e-06,0.018132788264059823,0.0013140039046308023,8.125093222546547e-06,0.950640957965117,0.002567891836311922,8.250077626381521e-06,0.9521270747637888,0.0017377448011546312,8.021701279971608e-06
1.91838,1.1718383858859338,0.6664617097905315,0.5000002232395431,0.8964875919860521,0.26439040266062314,-0.15162253973105183,0.32158227358310804,-3.0841607573150718,5.4921922410193496,0.06723188595594776,3.68090151306183,-0.6092371117043414,-0.17212519313419375,-1.3119658185248357,-11.065585442231034,4.4938619215751165,-20.935125125307945,6.281389989523937,1.5191424951619474,0.1234254925648933,0.12878133165966646,0.13047295511963605,0.1250594403179501,0.009664532507143159,0.0008841971960180679,7.999992393182228e-06,0.016984890987658617,0.001147897276401167,8.095476216584956e-06,0.9474715889203913,0.0031693690447256815,8.380440887664809e-06,0.9503202286360847,0.0018068461277041521,8.023474397052031e-06
1.94983,1.0741102686233457,0.8338228141488788,0.504413693754719,0.8808114067965618,0.3141726764538361,-0.1410520608897007,0.32491220826878425,-3.1254206226947434,5.144191889754814,0.20855884379354012,3.0225151190107904,-0.41169438482416804,-0.12434985176638517,-0.34979958628068125,-12.262099777844838,3.650629187564236,-18.500544767454553,4.59541812993467,1.1625008769358525,0.12450185842704425,0.1292410856430165,0.13047296403252942,0.12568960135192636,0.008889127485178358,0.0007754050219647999,7.999993770331382e-06,0.015967776287913994,0.001017114699744587,8.074964817019717e-06,0.9434983121544784,0.003973276765912882,8.595936453976265e-06,0.9484563647633726,0.0018638638727120436,8.024989564876266e-06
1.98128,0.9755730935378614,0.9896184700117414,0.5128490021029424,0.86628084174061,0.35366832927543507,-0.13115020518322515,0.327525063728975,-3.1364214305176437,4.7585624938038995,0.323367070275661,2.4406935686490243,-0.26717359721889433,-0.0877904925141338,0.45850022674879976,-13.154497449687682,2.9010475270904115,-16.457621700372215,2.1139402939778225,0.5816132463021652,0.1256762021550647,0.1299019477547366,0.13047297045864403,0.12622514335230603,0.008200136635024967,0.0006889908501533908,7.999994794473882e-06,0.01505472556404258,0.0009130507238713759,8.060412363914622e-06,0.9384346593538604,0.005063652800618069,8.95932019200312e-06,0.9465479800607064,0.0019083847026661732,8.02620675641406e-06
2.01273,0.8771030593090067,1.1328229954719342,0.5245153190734881,0.8535549983518298,0.3845399481858293,-0.12258716050159076,0.32945729155253256,-3.122002108485706,4.344868183900601,0.4146017874745937,1.9231196759157314,-0.2006925268139817,-0.06949940298525911,1.1029052633662828,-13.81897965403697,2.260999629900547,-14.169732891666564,-0.024816404826698318,-0.023897096368755387,0.12682067176691728,0.1304690962262475,0.1304729749684876,0.12682545778541957,0.007580924984589134,0.0006192116504358325,7.999995558292195e-06,0.01422522573394924,0.0008294998300933023,8.049863380926377e-06,0.9318668314538661,0.006567827899994247,9.574162548991201e-06,0.9446065209026806,0.001941459158025803,8.02713162191927e-06
2.04418,0.7794191893482382,1.262672892329845,0.5387247305640417,0.8429409124026158,0.4083950244334953,-0.11600908819203862,0.33045852806907233,-3.0873169649777825,3.9102766479327813,0.4857077103850525,1.4774973408510619,-0.20147297513656703,-0.07025094007960851,1.5799614256280943,-14.292978004973863,1.7082425445937768,-11.903721120016703,-0.007957196650753699,-0.2983215750628253,0.12740203170048042,0.13047198683773825,0.13047297804686214,0.12741434897531786,0.007018809830298749,0.0005621151542903848,7.999996130132855e-06,0.013463290970378365,0.000761934763570837,8.042072164630637e-06,0.9231832431362276,0.008683588317638465,1.0568081383799962e-05,0.9426411781475501,0.0019653427551305095,8.027811668568152e-06
2.07563,0.683075095594439,1.378609721695889,0.5548874560683968,0.8344998535227407,0.4265944641303598,-0.11146838267098763,0.33045238996944615,-3.037628935910236,3.460778391169573,0.5394300379263418,1.1031385549786648,-0.20172322011854288,-0.07963282172099426,1.9127007099227171,-14.646314787916545,1.2650505641510257,-9.90049595736125,0.0014371826739094477,-0.3801428630237453,0.12791712403848166,0.13047253156941288,0.13047298024814558,0.12793200520687378,0.006503929773400912,0.0005148800568978367,7.999996559132146e-06,0.012756278896764983,0.0007070120736133449,8.036226082288672e-06,0.9114562972510241,0.011726945885203564,1.1950488192727364e-05,0.9406580646337638,0.0019831135137863155,8.028325252481015e-06
2.10708,0.588469025708553,1.4802273088563527,0.5725114127921084,0.8281392745088441,0.4401747406407085,-0.10860248010259763,0.3295965193524136,-2.9774766265370025,3.0001680856837134,0.579214470751,0.7917789718059759,-0.20167802232236998,-0.09158789183938985,2.1252720626831723,-14.90693910987959,0.9223138624998498,-8.313264603244432,0.0039796847826267,-0.3442195245547703,0.12832697647915398,0.13047272357521364,0.13047298189782297,0.12834030342730396,0.006028496513967703,0.00047543325943320966,7.999996880319303e-06,0.012094041598242107,0.0006622372985228387,8.031783544029093e-06,0.8952384634379669,0.016217833813057136,1.3417348506693055e-05,0.9386597841606376,0.001998280473126155,8.028768610656817e-06
2.13852,0.4958687807954949,1.5672241286900603,0.5912087514284802,0.8236731891837406,0.44996689630084075,-0.1071220587712113,0.3280456654384496,-2.9106391846133395,2.5313614352267977,0.6082202156166223,0.5303360488637259,-0.20155286566351027,-0.10241321292904562,2.236983760714926,-15.094112058995123,0.6696490130113102,-7.226368038478022,0.003578567403345123,-0.2495632129189546,0.12860894741557563,0.13047281203418343,0.1304729832047599,0.12861859349372062,0.005586280844101355,0.00044221566986634797,7.99999711862293e-06,0.011468306135635493,0.000625735462606577,8.028376784322738e-06,0.8722044919827218,0.023033971455245113,1.457404486548051e-05,0.9366452971362275,0.0020144870244101277,8.029245756829992e-06
2.16997,0.40543333115678104,1.6393801064420985,0.6106858201827104,0.8209116392368235,0.4565698820863467,-0.1068253635264893,0.3259343329997704,-2.840288534070181,2.056668403757375,0.6292799320652895,0.3030748136687323,-0.2014403236999703,-0.11026169832657846,2.260648532644212,-15.217399830876904,0.4976664272007641,-6.83389609469261,0.0029465668943296414,-0.1375854732522076,0.1287123058728254,0.13047285878739473,0.13047298430724483,0.1287176549575858,0.005172250459214744,0.0004140303848866106,7.999997291837238e-06,0.010872221526735979,0.0005960846088994754,8.025751557830657e-06,0.8385318614400097,0.03367263054271211,1.5299301403853895e-05,0.9346099578100384,0.0020353393261889788,8.029863246827162e-06
2.20142,0.3172288263707538,1.696542447870369,0.6307330616118992,0.8197365074187108,0.4603108093492543,-0.10761273152869091,0.32336100812227514,-2.7691936527778247,1.578098109024705,0.6449309875275222,0.08815638446550747,-0.20134765744931377,-0.1145886083911771,2.2097682741745075,-15.313773585777401,0.420277068640229,-5.182534180213691,-0.00571434652205856,0.07904620433664043,0.12914174956828797,0.13047288518911399,0.1304729852966462,0.1291388486105889,0.00478230913615238,0.00038994132306236385,7.999997412700915e-06,0.01030002380609252,0.0005721977206434224,8.02372933412941e-06,0.7879522766334855,0.050579584806524094,1.5686499047440818e-05,0.932545580467841,0.0020643773421974735,8.030730759884232e-06
2.23287,0.2312407797083541,1.738603227492168,0.6512280728401381,0.8199188199711765,0.4616096648450342,-0.10935321297297027,0.32045022259353817,-2.6996988990080766,1.0964969669199605,0.6581482337616935,-0.07482854973162988,-0.20152736729000004,-0.11210269320676251,2.1123407131097824,-15.431437953252114,0.435416441017989,-0.05569286558005247,-0.020150725104099845,0.3166065370364109,0.13046651675414397,0.13047289761791703,0.13047298615175873,0.1304545850161025,0.00441310500101527,0.0003692041351371103,7.99999749029983e-06,0.009746781892537073,0.0005532419135554089,8.02218343046918e-06,0.711092624791325,0.0768596518421606,1.5868235783442932e-05,0.9304403869872087,0.002105193480632366,8.031967879502817e-06
2.26432,0.14739265550336683,1.765458494396719,0.6721435495564275,0.8206552232561747,0.46183148792147055,-0.11155864634908785,0.31747153273999196,-2.633268133641868,0.6111954113643154,0.6718415964140055,-0.07658002839364626,-0.20216108517605957,-0.10214576985403795,1.9928786651851265,-15.464934926766606,0.41017688072289066,-0.01384142141023308,0.0009481287402045365,0.029088329668660096,0.1304717385799331,0.13047289530445258,0.130472986635854,0.13047072554490113,0.004061885854089607,0.00035121914692566375,7.999997530980704e-06,0.009208196004314061,0.0005385858882229747,8.021023907399374e-06,0.5991036742253001,0.11198895056602491,1.594286950535905e-05,0.928278697093673,0.0021616898935354926,8.033717446830927e-06
2.29577,0.06557469213540902,1.7770349133930552,0.6934771677297674,0.8213601732058603,0.4620247017634096,-0.11381132873844607,0.31455436199543113,-2.570594316776721,0.12484041325832387,0.6847412029750279,-0.07701532569787913,-0.2021312675820102,-0.10123097424785524,1.8728574873679356,-15.49682698631146,0.3846529341307125,-0.009571154873988559,0.0027641141248860033,0.005267282121086166,0.13047235971590948,0.1304728792722408,0.13047298647604202,0.13047226694227546,0.00372639223845813,0.000335493615631477,7.999997539126726e-06,0.008680448472470641,0.0005277475318433833,8.020186479566383e-06,0.4598543417592589,0.1392493324660412,1.596649089437989e-05,0.9260403930056064,0.0022383040880667344,8.036161752890725e-06
2.32722,-0.014331575399198583,1.7733001542264424,0.715203840421385,0.8220536367006308,0.4622053944932613,-0.11606739777589715,0.31163949561846394,-2.5116950324257026,-0.36251755463919827,0.6968381098121084,-0.07731632787038449,-0.20204433926796686,-0.10106532408520304,1.752541982157235,-15.527664850969796,0.3591041218605159,-0.008337242123874045,0.003116368560428099,0.002661545558215523,0.13047258442647444,0.13047283878649138,0.13047298554460804,0.13047263013645238,0.0034047698065035156,0.00032162243195461393,7.999997517458517e-06,0.008160088260356664,0.0005203602121139379,8.01962550077249e-06,0.32770237186330725,0.1321519698959516,1.596167158175262e-05,0.9237000064050569,0.002340386600549468,8.039548859799358e-06
2.35867,-0.09244500208448536,1.7542231966634987,0.7372983133644536,0.8227371151331714,0.46237525145171365,-0.11832292157454452,0.30872200573337044,-2.4565795368578875,-0.8508453390719029,0.7081315349273372,-0.07757852485967462,-0.20194633294382247,-0.10098162143846998,1.6319719954968686,-15.557488935195016,0.3335392532644189,-0.007697506555340858,0.0033503072834732152,0.004245053154121357,0.1304726858576322,0.13047274830885974,0.13047298383691266,0.13047276021815649,0.0030955261747605423,0.0003092436317429735,7.999997467997358e-06,0.007643929999309197,0.0005161582610474308,8.019310011178264e-06,0.2280720672485937,0.09963030461471353,1.5925133151892504e-05,0.9212251108354031,0.002474895569653774,8.044240799173495e-06
2.39012,-0.1688847116017948,1.719774042596769,0.7597353106724805,0.8234104947655436,0.4625346344017249,-0.12057747613651001,0.305801840582479,-2.4052558332317475,-1.3401110577730384,0.718620973367128,-0.07782060287706505,-0.20184096950710423,-0.10084811923955939,1.5111687768513238,-15.586305245796725,0.30795580362689295,-0.007034089368437049,0.003793666057080169,0.009717280710143912,0.13047273555454494,0.1304725282945643,0.1304729813175853,0.13047281965165144,0.0027974735221102717,0.0002980526526502704,7.999997391148412e-06,0.007128972052673876,0.0005149579466352842,8.019220480759173e-06,0.1600110731471083,0.06806099410148538,1.5829209938059965e-05,0.9185737727051885,0.002651338130214602,8.050791660259636e-06
2.42156,-0.2437700685995086,1.6699236934572141,0.7824895390080295,0.8240731215728304,0.4626835461443023,-0.12283158893801664,0.30288058959514474,-2.3577312564337367,-1.8302830173833329,0.7283058407784002,-0.07804181716200474,-0.2017216629302099,-0.1005425215720776,1.390156930530924,-15.61410603940528,0.2823442620592238,-0.005535294024581478,0.005139124676521179,0.027596245695106797,0.1304727572467223,0.13047183655195732,0.13047297781866568,0.1304728507954029,0.0025096903904599354,0.0002877831316503362,7.999997286713473e-06,0.006612328977410484,0.0005166430752633547,8.019346646773037e-06,0.11411011496357294,0.04590095818353535,1.561793375673111e-05,0.9156905275873775,0.002883245117810994,8.060086856198217e-06
2.45301,-0.31722065732274307,1.6046441512286742,0.8055356820510109,0.8247230812868913,0.46282158417990044,-0.12508736496474837,0.2999633242613546,-2.314012367572123,-2.3213292810231536,0.737185253701204,-0.07821589600084822,-0.20156004317660914,-0.09967465034686177,1.2689957635993763,-15.640824332208755,0.25664989965701185,0.0014508037269827584,0.011865653799300444,0.11886524162699577,0.1304727593297499,0.1304683511722135,0.1304729730008649,0.13047286832510105,0.0022314933824034875,0.00027819700805644775,7.999997153780605e-06,0.00609117536782128,0.0005211536095891663,8.019686094465326e-06,0.08258508832904878,0.03152502663452413,1.5202581403488102e-05,0.912499914145334,0.003190613442043371,8.073606717106079e-06
2.48446,-0.38935624586537093,1.5239084557334375,0.8288483698749124,0.8253516642647111,0.46294650185663117,-0.1273549893309464,0.29707355616521586,-2.2741038626140018,-2.813215805246505,0.7452566075124345,-0.07817026983771011,-0.2011868815656219,-0.0959364707398912,1.1479071802450969,-15.666312709446968,0.23072981176128202,0.02454686671112514,0.03411712164160119,0.4229105488593782,0.13047274623510582,0.13045677889991425,0.1304729663490231,0.13047287747819908,0.001962416694825378,0.00026907668757810956,7.99999699082822e-06,0.005562699492395302,0.0005284758754259405,8.020243325048298e-06,0.060388894248523756,0.02219619408052501,1.4472431238874875e-05,0.9088957384094456,0.003604175735888535,8.093956396036503e-06
2.51591,-0.4602966632741426,1.4276907918883255,0.8524020845043878,0.8259276999166311,0.46304986308684176,-0.12967159606486392,0.2942963818088423,-2.2380034588866202,-3.3059039105771886,0.7525128033964489,-0.07739829818898793,-0.2001139360466166,-0.08263640448267669,1.0273826665737733,-15.691148713659071,0.20483456001559233,0.028828143285269284,0.03699892154348279,0.46677460482736244,0.1304727328866056,0.13045509129099822,0.13047295750768173,0.13047287755617348,0.0017021992283155693,0.00026021746650980873,7.999996795849601e-06,0.0050240665119093975,0.0005386329804858683,8.021029103423095e-06,0.044386312187692345,0.01600258206083139,1.3357163059333879e-05,0.9047224315757737,0.004173306833671872,8.126008187735474e-06
2.54736,-0.5301614203626596,1.3159662774925938,0.8761712100617122,0.8264243807894747,0.463124360195453,-0.13206996445793437,0.2917069054457257,-2.2056934170259987,-3.7993730806093233,0.7589546224225348,-0.0764916851550954,-0.19895036112681144,-0.06795686246573517,0.9075594998035931,-15.715239464240687,0.17879831888304668,0.023309656767644963,0.030147356306143753,0.3787882017522447,0.13047272191171233,0.130458417239121,0.13047294566692821,0.13047286928087864,0.001450780183669845,0.00025141904464572436,7.99999656654649e-06,0.0044723924815905135,0.0005516740303188467,8.022059886872934e-06,0.03260678896428144,0.011779523223410894,1.1964949579747115e-05,0.8997407635835347,0.004981667992238959,8.179576860879413e-06
2.57881,-0.5990693717216408,1.1887107215827477,0.9001300695170631,0.8268460193434105,0.4631713343791183,-0.13454603875135307,0.28929597841740895,-2.177151680452372,-4.293599877945354,0.7645776306313317,-0.07575862238265155,-0.19800226031108814,-0.05604439493721498,0.7883288205096336,-15.738473789896636,0.15248787802101546,0.017904410850884865,0.023689171518456623,0.29524501130708897,0.13047270675253542,0.13046157390561414,0.1304729290879195,0.13047285267383055,0.0012083060955825878,0.00024247408808725717,7.999996300665885e-06,0.003904732294429815,0.0005676601871606604,8.023357074714763e-06,0.023778809068798562,0.008827979895482852,1.0631279804613504e-05,0.8935600263954266,0.006180737188108182,8.276348158387276e-06
2.61026,-0.6671387219222632,1.0459007243195806,0.9242527784707192,0.8272066431895159,0.463194965720324,-0.13708374709463392,0.28702693923083317,-2.1523596160937783,-4.788557368974175,0.7693732047464051,-0.07519554858074376,-0.19725726222195616,-0.046759267803150456,0.6695589160344178,-15.760862156592257,0.12586990550805563,0.014074411850837796,0.019058397960094384,0.23541912706216767,0.13047267787138173,0.13046381857765596,0.1304729043189556,0.13047282569894544,0.0009751560437540304,0.00023315005182855734,7.999995996588274e-06,0.003318087262639068,0.0005866450317907099,8.024945712725094e-06,0.01705868259599413,0.006720126472804408,9.637717207809936e-06,0.885490729019064,0.008069297376362583,8.470151744432673e-06
2.64171,-0.7344871565468436,0.8875137269214594,0.9485131643179741,0.8275178032966699,0.4631987729522327,-0.1396696318579058,0.2848690932114566,-2.131302733094798,-5.284218949227645,0.7733316732394744,-0.0747529239863648,-0.19665789680931922,-0.03935559816996864,0.5511555227151987,-15.78242599726387,0.09892676992222742,0.012039546071351298,0.016429140228756245,0.20139740668853953,0.130472618561049,0.1304650531207976,0.13047286373703612,0.1304727829309095,0.000752000042806148,0.00022315600094788236,7.99999565430451e-06,0.0027094410686652223,0.0006086461939738085,8.02685213559492e-06,0.011872122412679533,0.005186560183314579,9.002153785637163e-06,0.8741821000324439,0.011308628986620146,8.914849109590916e-06
2.67316,-0.8012319557383553,0.7135279961873595,0.9728847414771727,0.8277870421593249,0.46318509786592665,-0.14229486125512456,0.28280235992111125,-2.113969505087333,-5.780558688279627,0.7764428100936542,-0.07437429365688346,-0.1961412186271815,-0.033021873792051994,0.43307162357199575,-15.803181793830934,0.07164020652132173,0.011914588720410643,0.015930487802716033,0.19359343065858756,0.13047248358612834,0.13046520997491456,0.1304727868575809,0.13047271050787748,0.000539926987505569,0.00021207305530057907,7.999995276901953e-06,0.0020758366957118425,0.0006336043729533428,8.029099790595377e-06,0.007819432901634664,0.0040526895110448505,8.617909168191088e-06,0.85655893959233,0.01762316044011386,1.009753254394909e-05
2.7046,-0.8674900644841561,0.52392260602738,0.9973406938725791,0.8280178222536879,0.4631550021671196,-0.1449554422506525,0.28081786647045454,-2.100349884334997,-6.277551174042014,0.7786958148862373,-0.0739995930970693,-0.19564022250907256,-0.026933575778050868,0.31531837526046547,-15.823110979767044,0.043967824568671016,0.01523904740445384,0.019512981727942587,0.22999552017945665,0.1304720600831324,0.1304633582351986,0.13047259426566674,0.13047256411231986,0.00034074596671200444,0.0001991810207935646,7.999994872457785e-06,0.001414511329515489,0.0006613253661963163,8.031702214619557e-06,0.0046170570021512244,0.0032023758994834204,8.387227873405154e-06,0.8237437371589871,0.03281520243334296,1.289466218482506e-05
2.73605,-0.9333781124791509,0.31867743877620586,1.0218538452024246,0.8282082557223639,0.46310772001347456,-0.14765379676168489,0.2789220419564684,-2.0904334722369957,-6.775170410530097,0.7800785540530093,-0.0735203420102314,-0.1950265609426789,-0.019700472547356986,0.19818520893818897,-15.84123670403982,0.015305027033917196,0.051422127077892114,0.08548521246598038,0.6722531146443592,0.13046290042285116,0.13043673585788812,0.1304714526945341,0.13047209452299524,0.0001578474323296486,0.0001828985343823558,7.999994455166954e-06,0.0007231100421026902,0.0006914012874127613,8.034651961297992e-06,0.002060471287269183,0.002556585714882022,8.247150076200166e-06,0.7358305117176954,0.0879132254412917,1.5459445150538015e-05
2.7675,-0.9990123171535392,0.09777367334210552,1.0463963327355437,0.8283238313762223,0.46302878602884145,-0.15042777435358015,0.27722244273614033,-2.084200767904633,-7.273359680880987,0.7805598801257889,-0.07190317332274548,-0.19233814611624322,0.0014411400005054093,0.0,0.0,0.0,0.0,0.0,0.0,0,0,0,0,-1.6530929870582605e-16,0.00015784743232981395,7.999994037638109e-06,3.7346690895162646e-17,0.0007231100421026156,8.037904608639682e-06,1.950130679232451e-17,0.002060471287269144,8.160637116323532e-06,1.6900902593611199e-16,0.7358305117176952,1.600176619372812e-05
